<?xml version="1.0" encoding="UTF-8"?>
<monster name="Draken Abomination" nameDescription="a draken abomination" race="blood" experience="3800" speed="220" manacost="0">
<health now="6250" max="6250"/>
<look type="357" corpse="12623"/>
<targetchange interval="2000" chance="5"/>
<strategy attack="100" defense="0"/>
<flags>
<flag summonable="0"/>
<flag attackable="1"/>
<flag hostile="1"/>
<flag illusionable="1"/>
<flag convinceable="0"/>
<flag pushable="0"/>
<flag canpushitems="1"/>
<flag canpushcreatures="0"/>
<flag targetdistance="1"/>
<flag staticattack="90"/>
<flag runonhealth="0"/>
</flags>
<attacks>
	<attack name="melee" interval="2000" skill="110" attack="50"/>
<attack name="fire" interval="2000" chance="20" length="4" spread="3" max="-480">
<attribute key="shootEffect" value="explosion"/>
<attribute key="areaEffect" value="explosion"/>
		</attack>
	<attack name="death" interval="2000" chance="15" length="8" spread="3" min="-240" max="-370">
			<attribute key="areaEffect" value="mortarea"/>
		</attack>
	<attack name="drunk" interval="2000" chance="10" target="0" radius="5">
			<attribute key="shootEffect" value="poison"/>
			<attribute key="areaEffect" value="poison"/>
		</attack>	
</attacks>
<defenses armor="16" defense="19">
		<defense name="healing" interval="2000" chance="15" min="650" max="700">
			<attribute key="areaEffect" value="blueshimmer"/>
		</defense>	
	</defenses>
<elements>
<element physicalPercent="20"/>
<element holyPercent="-5"/>
<element energyPercent="-5"/>
<element icePercent="5"/>
</elements>
<immunities>
<immunity fire="1"/>
<immunity earth="1"/>
<immunity death="1"/>
<immunity invisible="1"/>
</immunities>
	<summons maxSummons="2">
		<summon name="Death Blob" interval="2000" chance="10" max="2"/>
	</summons>	
<voices interval="5000" chance="10">
		<voice sentence="Ugggh!"/>
	</voices>
<loot>
    <item id="2148" countmax="100" chance="40825" /><!-- gold coin -->
    <item id="2148" countmax="100" chance="40825" /><!-- gold coin -->
    <item id="2666" countmax="4" chance="50450" /><!-- meat -->
    <item id="8473" countmax="3" chance="6700" /><!-- ultimate health potion -->
    <item id="2152" countmax="8" chance="28900" /><!-- platinum coin -->
    <item id="7590" countmax="3" chance="6750" /><!-- great mana potion -->
    <item id="12627" chance="12250" /><!-- eye of corruption -->
    <item id="12628" chance="6400" /><!-- tail of corruption -->
    <item id="9970" countmax="4" chance="2500" /><!-- small topaz -->
    <item id="8472" countmax="3" chance="3775" /><!-- great spirit potion -->
    <item id="7903" chance="8150" /><!-- terra hood -->
    <item id="1987" chance="100000"><!-- bag -->
        <inside>
            <item id="12629" chance="11675" /><!-- scale of corruption -->
            <item id="11304" chance="1475" /><!-- zaoan legs -->
            <item id="11302" chance="1200" /><!-- zaoan helmet -->
            <item id="11301" chance="1400" /><!-- zaoan armor -->
            <item id="8922" chance="1450" /><!-- wand of voodoo -->
            <item id="12646" chance="1025" /><!-- draken boots -->
            <item id="12644" chance="525" /><!-- shield of corruption -->
            <item id="12647" chance="525" /><!-- snake god's wristguard -->
        </inside>
    </item>
</loot>
</monster>