<?xml version="1.0" encoding="UTF-8"?>
<monster name="Dark Torturer" nameDescription="a dark torturer" race="blood" experience="4650" speed="280" manacost="0">
	<health now="7350" max="7350"/>
	<look type="234" corpse="6328"/>
	<targetchange interval="5000" chance="8"/>
	<strategy attack="100" defense="0"/>
	<flags>
		<flag summonable="0"/>
		<flag attackable="1"/>
		<flag hostile="1"/>
		<flag illusionable="1"/>
		<flag convinceable="0"/>
		<flag pushable="0"/>
		<flag canpushitems="1"/>
		<flag canpushcreatures="1"/>
		<flag targetdistance="1"/>
		<flag staticattack="90"/>
		<flag runonhealth="0"/>
	</flags>
	<attacks>
		<attack name="melee" interval="2000" skill="90" attack="100"/>
		<attack name="physical" interval="3000" chance="17" range="7" min="0" max="-781">
			<attribute key="shootEffect" value="throwingknife"/>
		</attack>
		<attack name="physical" interval="3000" chance="17" length="4" spread="3" min="-0" max="-0">
			<attribute key="areaEffect" value="purplenote"/>
		</attack>
	</attacks>
	<defenses armor="25" defense="35">
		<defense name="healing" interval="5000" chance="10" min="75" max="125">
			<attribute key="areaEffect" value="blueshimmer"/>
		</defense>
	</defenses>
	<elements>
		<element earthPercent="90"/>
		<element energyPercent="30"/>
		<element deathPercent="10"/>
		<element icePercent="-10"/>
		<element holyPercent="-10"/>
	</elements>
	<immunities>
		<immunity invisible="1"/>
		<immunity fire="1"/>
	</immunities>
	<voices interval="3000" chance="10">
		<voice sentence="You like it, don't you?"/>
		<voice sentence="The torturer is in!"/>
		<voice sentence="It's party time!"/>
		<voice sentence="Harrr, Harrr!"/>
		<voice sentence="IahaEhheAie!"/>
	</voices>
	<loot>
		<item id="2148" countmax="90" chance="30000"/><!-- gold coin -->
		<item id="2148" countmax="70" chance="30000"/><!-- gold coin -->
		<item id="7368" countmax="2" chance1="1330"/><!-- assassin star -->
		<item id="23500" chance="66000"/><!-- concentrated demonic blood -->
		<item id="23500" chance="22000"/><!-- concentrated demonic blood -->
		<item id="6300" chance="1330"/><!-- death ring -->
		<item id="6500" chance="8750"/><!-- demonic essence -->
		<item id="7591" chance="7430"/><!-- great health potion -->
		<item id="1987" chance="100000"><!-- bag -->
			<inside>		
				<item id="2671" countmax="2" chance1="66310"/><!-- ham -->
				<item id="23500" chance="6000"/><!-- concentrated demonic blood -->
				<item id="2148" countmax="90" chance="30000"/><!-- gold coin -->
				<item id="5801" chance="1330"/><!-- key ring -->
				<item id="5022" countmax="2" chance1="1330"/><!-- orichalcum pearl -->
				<item id="2152" countmax="6" chance1="30770"/><!-- platinum coin -->
				<item id="2558" chance="1860"/><!-- saw -->
				<item id="7412"  chance="530"/><!-- butcher axe -->
				<item id="5480" chance="800"/><!-- cat's paw -->
				<item id="5944" chance="11940"/><!-- soul orb -->
				<item id="2645" chance="6370"/><!-- steel boots -->
				<item id="7388" chance="530"/><!-- vile axe -->
				<item id="2470" chance="100"/><!-- golden legs -->
				<item id="9971" chance="300"/><!-- gold ingot -->
			</inside>
		</item>
	</loot>
</monster>