<?xml version="1.0" encoding="UTF-8"?>
<monster name="Destroyer" nameDescription="a destroyer" race="blood" experience="2500" speed="380" manacost="0">
	<health now="3700" max="3700"/>
	<look type="236" corpse="6320"/>
	<targetchange interval="5000" chance="8"/>
	<strategy attack="100" defense="0"/>
	<flags>
		<flag summonable="0"/>
		<flag attackable="1"/>
		<flag hostile="1"/>
		<flag illusionable="1"/>
		<flag convinceable="0"/>
		<flag pushable="0"/>
		<flag canpushitems="1"/>
		<flag canpushcreatures="1"/>
		<flag targetdistance="1"/>
		<flag staticattack="90"/>
		<flag runonhealth="0"/>
	</flags>
	<attacks>
		<attack name="melee" interval="2000" skill="90" attack="90"/>
		<attack name="physical" interval="2000" chance="10" range="6" min="0" max="-200">
			<attribute key="shootEffect" value="largerock"/>
		</attack>
	</attacks>
	<defenses armor="30" defense="35">
		<defense name="speed" interval="1000" chance="7" speedchange="90" duration="8000">
			<attribute key="areaEffect" value="redshimmer"/>
		</defense>
	</defenses>
	<elements>
		<element energyPercent="100"/>
		<element firePercent="30"/>
		<element physicalPercent="20"/>
		<element earthPercent="20"/>
		<element deathPercent="20"/>
		<element icePercent="-15"/>
		<element holyPercent="-3"/>
	</elements>
	<immunities>
		<immunity paralyze="1"/>
		<immunity invisible="1"/>
	</immunities>
	<voices interval="5000" chance="10">
		<voice sentence="COME HERE AND DIE!" yell="1"/>
		<voice sentence="Destructiooooon!"/>
		<voice sentence="It's a good day to destroy!"/>
	</voices>
	<loot>
		<item id="2148" countmax="90" chance="60000"/><!-- gold coin -->
		<item id="2148" countmax="80" chance="60000"/><!-- gold coin -->
		<item id="2148" countmax="80" chance="20000"/><!-- gold coin -->
		<item id="2148" countmax="90" chance="20000"/><!-- gold coin -->
		<item id="2546" countmax="12" chance1="56120"/><!-- burst arrow -->
		<item id="2666" countmax="6" chance1="55070"/><!-- meat -->
		<item id="6500" chance="16830"/><!-- demonic essence -->
		<item id="5944" chance="5390"/><!-- soul orb-->
		<item id="7591" chance="970"/><!-- greath health potion -->
		<item id="2553" chance="7250"/><!-- pick -->
		<item id="2125" chance="480"/><!-- crystal necklace -->
		<item id="2152" countmax="3" chance1="7810"/><!-- platinum coin -->
		<item id="1987" chance="100000"><!-- bag -->
			<inside>
		<item id="2148" countmax="90" chance="50000"/><!-- gold coin -->
		<item id="2150" countmax="2" chance1="12000"/><!-- small amethyst -->
		<item id="2393" chance="1290"/><!-- giant sword -->
		<item id="2463" chance="4590"/><!-- plate armor -->
		<item id="7419" chance="560"/><!-- dreaded cleaver -->
		<item id="2416" chance="14980"/><!-- crowbar -->
		<item id="2489" chance="11190"/><!-- dark armor -->
		<item id="2645" chance="890"/><!-- steel boots -->
		<item id="2178" chance="640"/><!-- mind stone -->
		<item id="7427" chance="1370"/><!-- chaos mace -->
		<item id="5741" chance="160"/><!-- skull helmet -->
			</inside>
		</item>
	</loot>
</monster>
