<?xml version="1.0" encoding="UTF-8"?>
<monster name="Diabolic Imp" nameDescription="a diabolic imp" race="blood" experience="2900" speed="320" manacost="0">
	<health now="1950" max="1950"/>
	<look type="237" corpse="6364"/>
	<targetchange interval="5000" chance="8"/>
	<strategy attack="100" defense="0"/>
	<flags>
		<flag summonable="0"/>
		<flag attackable="1"/>
		<flag hostile="1"/>
		<flag illusionable="1"/>
		<flag convinceable="0"/>
		<flag pushable="0"/>
		<flag canpushitems="1"/>
		<flag canpushcreatures="1"/>
		<flag targetdistance="4"/>
		<flag staticattack="90"/>
		<flag runonhealth="400"/>
	</flags>
	<attacks>
		<attack name="melee" interval="2000" skill="70" attack="60" poison="160"/>
		<attack name="fire" interval="4000" chance="50" range="4" radius="4" target="1" min="-100" max="-240">
			<attribute key="shootEffect" value="fire"/>
			<attribute key="areaEffect" value="firearea"/>
		</attack>
		<attack name="fire" interval="3000" chance="34" range="4" radius="2" target="1" min="-300" max="-430">
			<attribute key="shootEffect" value="fire"/>
			<attribute key="areaEffect" value="fireattack"/>
		</attack>
	</attacks>
	<defenses armor="15" defense="15">
		<defense name="healing" interval="5000" chance="60" min="200" max="300">
			<attribute key="areaEffect" value="blueshimmer"/>
		</defense>
		<defense name="speed" interval="4000" chance="40" speedchange="1000" duration="2000">
			<attribute key="areaEffect" value="redshimmer"/>
		</defense>
		<defense name="invisible" interval="4000" chance="50" duration="2000">
			<attribute key="areaEffect" value="redshimmer"/>
		</defense>
	</defenses>
	<elements>
		<element firePercent="100"/>
		<element earthPercent="50"/>
		<element deathPercent="10"/>
		<element icePercent="-10"/>
		<element holyPercent="-10"/>
	</elements>
	<immunities>
		<immunity lifedrain="1"/>
		<immunity paralyze="1"/>
		<immunity invisible="1"/>
	</immunities>
	<voices interval="5000" chance="10">
		<voice sentence="Muahaha!"/>
		<voice sentence="He he he!"/>
	</voices>
	<loot>
		<item id="2148" countmax="99" chance="50000"/><!-- gold coin -->
		<item id="2148" countmax="98" chance="50000"/><!-- gold coin -->
		<item id="2548" chance="47060"/><!-- pitch fork -->
		<item id="6558" chance="22000"/><!-- concentrated demonic blood -->
		<item id="6558" chance="22000"/><!-- concentrated demonic blood -->
		<item id="6500" chance="6620"/><!-- demonic essence -->
		<item id="2260" chance="12000"/><!-- blank rune -->
		<item id="1987" chance="100000"><!-- bag -->
			<inside>
		<item id="7900" chance="740"/><!-- magma monocle -->
		<item id="6300" chance="500"/><!-- death ring -->
		<item id="7899" chance="740"/><!-- magma coat-->
		<item id="2165" chance="2210"/><!-- stealth ring -->
		<item id="2515" chance="4410"/><!-- guardian shield -->
		<item id="2150" countmax="2" chance1="5880"/><!-- small amethyst -->
		<item id="2260" chance="12000"/><!-- blank rune -->
		<item id="2387" chance="2210"/><!-- double axe -->
		<item id="2568" chance="11760"/><!-- cleaver -->
		<item id="2419" chance="8090"/><!-- scimitar -->
		<item id="5944" chance="5880"/><!-- soul orb -->
		<item id="2148" countmax="7" chance1="17650"/><!-- platinum coin -->
		<item id="2185" chance="1470"/><!-- necrotic rod -->
			</inside>
		</item>
	</loot>
</monster>
