<?xml version="1.0" encoding="UTF-8"?>
<monster name="Fury" nameDescription="a fury" race="blood" experience="4500" speed="460" manacost="0">
	<health now="4100" max="4100"/>
	<look type="149" head="94" body="77" legs="96" feet="0" addons="3" corpse="6081"/>
	<targetchange interval="5000" chance="25"/>
	<strategy attack="100" defense="0"/>
	<flags>
		<flag summonable="0"/>
		<flag attackable="1"/>
		<flag hostile="1"/>
		<flag illusionable="1"/>
		<flag convinceable="0"/>
		<flag pushable="0"/>
		<flag canpushitems="1"/>
		<flag canpushcreatures="1"/>
		<flag targetdistance="1"/>
		<flag staticattack="95"/>
		<flag runonhealth="0"/>
	</flags>
	<attacks>
		<attack name="melee" interval="2000" skill="80" attack="113"/>
		<attack name="death" interval="2000" chance="10" range="7" target="1" min="-0" max="-250">
			<attribute key="shootEffect" value="death"/>
			<attribute key="areaEffect" value="mortarea"/>
		</attack>
		<attack name="death" interval="4000" chance="20" range="7" radius="4" target="0" min="-0" max="-300">
			<attribute key="areaEffect" value="redspark"/>
		</attack>
		<attack name="melee" interval="4000" chance="20" range="7" radius="4" target="0" min="-0" max="-0">
			<attribute key="areaEffect" value="yellownote"/>
		</attack>
		<attack name="fire" interval="1500" chance="10" length="5" spread="3" min="-200" max="-300">
			<attribute key="areaEffect" value="explosionarea"/>
		</attack>
		<attack name="death" interval="2250" chance="10" length="8" spread="0" min="-0" max="-700">
			<attribute key="areaEffect" value="redspark"/>
		</attack>
		<attack name="lifedrain" interval="2000" chance="15" radius="3"  min="-0" max="-300">
			<attribute key="areaEffect" value="blackspark"/>
		</attack>
	</attacks>
	<defenses armor="20" defense="20">
		<defense name="speed" interval="2000" chance="20" speedchange="266" duration="2000">
			<attribute key="areaEffect" value="redshimmer"/>
		</defense>
	</defenses>
	<elements>
		<element firePercent="100"/>
		<element icePercent="30"/>
		<element holyPercent="30"/>
		<element deathPercent="-10"/>
		<element energyPercent="-10"/>
		<element earthPercent="-10"/>
		<element physicalPercent="-10"/>
	</elements>
	<immunities>
		<immunity paralyze="1"/>
		<immunity invisible="1"/>
	</immunities>
	<voices interval="3000" chance="30">
		<voice sentence="Ahhhhrrrr!"/>
		<voice sentence="Waaaaah!"/>
		<voice sentence="Carnage!"/>
	</voices>
	<loot>
		<item id="2148" countmax="90" chance="43000"/><!-- gold coin -->
		<item id="2148" countmax="75" chance="43000"/><!-- gold coin -->
		<item id="2148" countmax="65" chance="43000"/><!-- gold coin -->
		<item id="6558" countmax="3" chance="25000"/><!-- concentrated demonic blood -->
		<item id="6500" chance="22500"/><!-- demonic essence -->
		<item id="2470" chance="450"/><!-- golden legs -->
		<item id="7591" chance="10000"/><!-- great health potion-->
		<item id="2666" chance="40000"/><!-- meat -->
		<item id="7456" chance="1800"/><!-- noble axe -->
		<item id="5022" countmax="3" chance="1300"/><!-- orichalcum pearl -->
		<item id="2152" countmax="3" chance1="6270"/><!-- platinum coin -->
		<item id="5911" chance="3650"/><!-- red piece of cloth -->
		<item id="1987" chance="100000"><!-- bag -->
			<inside>
		<item id="9813" chance="11000"/><!-- rusty legs -->
		<item id="2120" countmax="3" chance="6000"/><!-- small amethyst -->
		<item id="5944" chance="21500"/><!-- soul orb -->
		<item id="2645" chance="1000"/><!-- steel boots -->
		<item id="2181" chance="20000"/><!-- terra rod -->
		<item id="7404" chance="240"/><!-- assassin dagger -->
		<item id="2487" chance="500"/><!-- crown armor -->
		<item id="5944" chance="80"/><!-- assassin star -->
		<item id="2124" chance="250"/><!-- crystal ring-->	
			</inside>
		</item>
	</loot>
</monster>
