<?xml version="1.0" encoding="UTF-8"?>
<monster name="Gozzler" nameDescription="a gozzler" race="blood" experience="180" speed="260" manacost="800">
	<health now="240" max="240"/>
	<look type="313" corpse="9938"/>
	<targetchange interval="4000" chance="8"/>
	<strategy attack="100" defense="0"/>
	<flags>
		<flag summonable="1"/>
		<flag attackable="1"/>
		<flag hostile="1"/>
		<flag illusionable="1"/>
		<flag convinceable="0"/>
		<flag pushable="0"/>
		<flag canpushitems="1"/>
		<flag canpushcreatures="1"/>
		<flag targetdistance="4"/>
		<flag staticattack="90"/>
		<flag runonhealth="0"/>
	</flags>
	<attacks>
		<attack name="melee" interval="2000" skill="45" attack="40"/>
		<attack name="lifedrain" interval="2000" chance="7" range="1" min="-35" max="-135">
			<attribute key="areaEffect" value="redspark"/>
		</attack>
	</attacks>
	<defenses armor="20" defense="20">
		<defense name="healing" interval="4000" chance="25" min="42" max="68">
			<attribute key="areaEffect" value="blueshimmer"/>
		</defense>
		<defense name="speed" interval="1000" chance="9" speedchange="54" duration="5000">
			<attribute key="areaEffect" value="redshimmer"/>
		</defense>
	</defenses>
	<elements>
		<element deathPercent="50"/>
		<element holyPercent="50"/>
		<element physicalPercent="-5"/>
	</elements>
	<immunities>
		<immunity invisible="1"/>
	</immunities>
	<voices interval="3500" chance="10">
		<voice sentence="Huhuhuhuuu!"/>
		<voice sentence="Let the fun begin!"/>
		<voice sentence="Yihahaha!"/>
		<voice sentence="I'll bite you! Nyehehehehe!"/>
	</voices>
	<loot>
		<item id="2148" countmax="70" chance="40500"/><!-- gold coin -->
		<item id="2378" chance="2580"/><!-- battle axe -->
		<item id="2015" chance="9340"/><!-- brown flask -->
		<item id="2423" chance="640"/><!-- clerical mace -->
		<item id="2394" chance="3970"/><!-- morning star -->
		<item id="2510" chance="9130"/><!-- plate shield -->
		<item id="2385" chance="7950"/><!-- sabre -->
		<item id="2051" chance="7500"/><!-- torch -->
		<item id="1987" chance="100000"><!-- bag -->
			<inside>			
				<item id="2409" chance="540"/><!-- serpent sword -->
				<item id="2213" chance="320"/><!-- dwarven ring -->
				<item id="2146" chance="320"/><!-- small sapphire -->
			</inside>
		</item>
	</loot>
</monster>
