<?xml version="1.0" encoding="UTF-8"?>
<monster name="Hellspawn" nameDescription="a hellspawn" experience="2550" speed="300" race="blood" manacost="0">
	<health now="3500" max="3500"/>
	<strategy attack="100" defense="0"/>
	<targetchange speed="0" chance="8"/>
	<look type="322" corpse="9923"/>
	<flags>
		<flag summonable="0"/>
		<flag attackable="1"/>
		<flag hostile="1"/>
		<flag illusionable="0"/>
		<flag convinceable="0"/>
		<flag pushable="0"/>
		<flag canpushitems="1"/>
		<flag canpushcreatures="1"/>
		<flag targetdistance="1"/>
		<flag staticattack="90"/>
		<flag runonhealth="0"/>
	</flags>
	<attacks>
		<attack name="melee" interval="2000" skill="60" attack="100"/>
		<attack name="soulfire" interval="2000" chance="33"/> 
	</attacks>	
	<defenses armor="50" defense="55">
		<defense name="healing" interval="4000" chance="15" min="60" max="230">
			<attribute key="areaEffect" value="blueshimmer"/>
		</defense>
		<defense name="speed" interval="3000" chance="12" speedchange="66" duration="4000">
			<attribute key="areaEffect" value="redshimmer"/>
		</defense>
	</defenses>
	<elements>
		<element physicalPercent="20"/>
		<element energyPercent="10"/>
		<element earthPercent="80"/>
		<element firePercent="40"/>
		<element deathPercent="-5"/>
		<element icePercent="-10"/>
		<element holyPercent="30"/>
	</elements>
	<immunities>
		<immunity paralyze="1"/>
		<immunity invisible="1"/> 
	</immunities> 
	<voices speed="5000" chance="10">		
		<voice sentence="Your fragile bones are like toothpicks to me." yell="0"/>		
		<voice sentence="You little weasel will not live to see another day." yell="0"/>		
		<voice sentence="I'm just a messenger of what's yet to come." yell="0"/>
		<voice sentence="HRAAAAAAAAAAAAAAAARRRR!" yell="1"/>
		<voice sentence="I'm taking you down with me!"/>
	</voices>	 
	<loot>
		<item id="2148" countmax="80" chance="44000"/><!-- gold coin -->
		<item id="2148" countmax="90" chance="44000"/><!-- gold coin -->
		<item id="2148" countmax="60" chance="44000"/><!-- gold coin -->
		<item id="7368" countmax="2" chance1="14060"/><!-- assassin stars -->
		<item id="2413" chance="8710"/><!-- battle shield -->
		<item id="2478" chance="12000"/><!-- brass legs -->
		<item id="10000" chance="9470"/><!-- demonic essence -->
		<item id="7591" chance="38500"/><!-- great health potion -->
		<item id="2477" chance="3360"/><!-- knight legs -->
		<item id="2394" chance="8940"/><!-- morning star -->
		<item id="9809" chance="4510"/><!-- rusty armor -->
		<item id="1987" chance="100000"><!-- bag -->
			<inside>
			<item id="9970" countmax="3" chance1="14590"/><!-- small topaz -->
			<item id="7452" chance="920"/><!-- spiked squelcher -->
			<item id="8473" chance="10390"/><!-- ultimate health potion -->
			<item id="2475" chance="2140"/><!-- warrior helmet -->
			<item id="7439" chance="610"/><!-- berserk potion -->
			<item id="9969" chance="230"/><!-- black skull -->
			<item id="7421" chance="200"/><!-- onyx fail -->
			<item id="9948" chance="150"/><!-- dracoyle statue -->
			</inside>
		</item>
	</loot>
</monster>