<?xml version="1.0" encoding="UTF-8"?>
<monster name="Panda" nameDescription="a panda" race="blood" experience="23" speed="240" manacost="300">
	<health now="80" max="80"/>
	<look type="123" corpse="6049"/>
	<targetchange interval="2000" chance="0"/>
	<strategy attack="100" defense="0"/>
	<flags>
		<flag summonable="1"/>
		<flag attackable="1"/>
		<flag hostile="1"/>
		<flag illusionable="1"/>
		<flag convinceable="1"/>
		<flag pushable="0"/>
		<flag canpushitems="0"/>
		<flag canpushcreatures="0"/>
		<flag targetdistance="1"/>
		<flag staticattack="90"/>
		<flag runonhealth="15"/>
	</flags>
	<attacks>
		<attack name="melee" interval="2000" skill="10" attack="20"/>
	</attacks>
	<defenses armor="8" defense="8"/>
	<elements>
		<element earthPercent="100"/>
		<element firePercent="-10"/>
	</elements>
	<voices interval="5000" chance="10">
		<voice sentence="Grrrr"/>
		<voice sentence="Groar"/>
	</voices>
	<loot>
		<item id="2666" chance="50000"/><!-- meat -->
		<item id="2671" chance="82500"/><!-- ham -->
	</loot>
</monster>
