﻿<?xml version="1.0" encoding="UTF-8"?>
<monster name="Apocalypse" nameDescription="Apocalypse" race="undead" experience="80000" speed="400" manacost="0">
	<health now="160000" max="160000"/>
	<look type="12" head="39" body="15" legs="77" feet="104" corpse="6068"/>
	<targetchange interval="10000" chance="20"/>
	<strategy attack="100" defense="0"/>
	<flags>
		<flag summonable="0"/>
		<flag attackable="1"/>
		<flag hostile="1"/>
		<flag illusionable="0"/>
		<flag convinceable="0"/>
		<flag pushable="0"/>
		<flag canpushitems="1"/>
		<flag canpushcreatures="1"/>
		<flag staticattack="98"/>
		<flag targetdistance="1"/>
		<flag runonhealth="0"/>
	</flags>
	<attacks>
		<attack name="melee" interval="2000" min="-400" max="-3000" poison="100"/>
		<attack name="melee" interval="3000" chance="20" range="7" radius="3" target="0" min="-200" max="-600">
			<attribute key="areaEffect" value="blackspark"/>
		</attack>
		<attack name="paralyze" interval="3000" chance="20" target="1">
			<attribute key="areaEffect" value="redshimmer"/>
		</attack>
		<attack name="fire" interval="4500" chance="50" range="7" radius="7" target="1" min="-400" max="-1500">
			<attribute key="shootEffect" value="fire"/>
			<attribute key="areaEffect" value="firearea"/>
		</attack>
		<attack name="energy" interval="2500" chance="25" length="8" spread="0" min="-200" max="-1300">
			<attribute key="areaEffect" value="energy"/>
		</attack>
		<attack name="melee" interval="2000" chance="10" range="7" radius="3" target="0" min="-0" max="-0">
			<attribute key="areaEffect" value="rednote"/>
		</attack>
	</attacks>
		<defenses name="speed" interval="4000" chance="80" speedchange="440" duration="6000">
			<attribute key="areaEffect" value="redshimmer"/>
	</defenses>
	<elements>
	</elements>
	<immunities>
		<immunity paralyze="1"/>
		<immunity invisible="1"/>
	</immunities>
	<summons maxSummons="6">
		<summon name="demon" interval="4000" chance="10" max="6"/>
	</summons>
	<voices interval="5000" chance="30">
	<voice sentence="I AM APOCALYPSE, LORD OF DESTRUCTION!" yell="1"/>
	</voices>
	<loot>
	</loot>
</monster>