<?xml version="1.0" encoding="UTF-8"?>
<monster name="Madareth" nameDescription="Madareth" race="fire" experience="100000" speed="380" manacost="0">
<health now="55000" max="55000"/>
<look type="12" head="77" body="116" legs="82" feet="79" corpse="6068"/>
<targetchange interval="5000" chance="8"/>
<strategy attack="100" defense="0"/>

<flags>
	<flag summonable="0"/>
	<flag attackable="1"/>
	<flag hostile="1"/>
	<flag illusionable="0"/>
	<flag convinceable="0"/>
	<flag pushable="0"/>
	<flag canpushitems="1"/>
	<flag canpushcreatures="1"/>
	<flag targetdistance="1"/>
	<flag staticattack="85"/>
	<flag runonhealth="0"/>
</flags>

<attacks>
	<attack name="melee" interval="2000" skill="130" attack="110"/>
	<attack name="energy" interval="2000" chance="20" range="4" radius="4" min="-400" max="-600">
		<attribute key="areaEffect" value="energy"/>
		<attribute key="shootEffect" value="energyball"/>
	</attack>
	<attack name="lifedrain" interval="3000" chance="17" range="4" radius="2" min="-300" max="-500">
		<attribute key="areaEffect" value="redshimmer"/>
		<attribute key="shootEffect" value="explosion"/>
	</attack>
</attacks>

<defenses armor="40" defense="46"/>

<elements>
	<element icePercent="15"/>
	<element deathPercent="-10"/>
</elements>

<immunities>
	<immunity energy="1"/>
	<immunity fire="1"/>
	<immunity invisible="1"/>
</immunities>
<script> 
	<event name="inquisitionPortals"/> 
</script>
<voices interval="3000" chance="5">
	<voice sentence="I AM GOING TO PLAY WITH YOURSELF!" yell="1"/>
</voices>

<loot>
	<item id="2148" countmax="100" chance1="100000" chancemax="0"/> --Gold
	<item id="2514" chance="12650"/> --mastermind shield
	<item id="2214" chance="8000"/> --Roh
	<item id="1987" chance="100000">
		<inside>
			<item id="2520" chance="7650"/> --Demon shield
			<item id="2145" chance1="5800"/> --small amethyst
		</inside>
	</item>
</loot>

</monster>
