<?xml version="1.0" encoding="UTF-8"?>
<monster name="Carrion Worm" nameDescription="a carrion worm" race="blood" experience="70" speed="200" manacost="380">
	<health now="145" max="145"/>
	<look type="192" corpse="6069"/>
	<targetchange interval="2000" chance="0"/>
	<strategy attack="100" defense="0"/>
	<script>
        <event name="KillingInTheNameOf"/>
</script>
	<flags>
		<flag summonable="0"/>
		<flag attackable="1"/>
		<flag hostile="1"/>
		<flag illusionable="0"/>
		<flag convinceable="1"/>
		<flag pushable="0"/>
		<flag canpushitems="1"/>
		<flag canpushcreatures="0"/>
		<flag targetdistance="1"/>
		<flag staticattack="90"/>
		<flag runonhealth="0"/>
	</flags>
	<attacks>
		<attack name="melee" interval="2000" skill="20" attack="30"/>
	</attacks>
	<defenses armor="8" defense="11"/>
	<elements>
		<element earthPercent="20"/>
		<element energyPercent="10"/>
		<element firePercent="-5"/>
		<element icePercent="-5"/>
	</elements>
	<immunities>
		<immunity lifedrain="0"/>
		<immunity paralyze="0"/>
		<immunity outfit="0"/>
		<immunity drunk="0"/>
		<immunity invisible="0"/>
	</immunities>
	<loot>
		<item id="2148" countmax="45" chance="18250"/><!-- gold coin -->
		<item id="2666" chance="8000"/><!-- meat -->
		<item id="3976" countmax="2" chance="1500"/><!-- worm -->
	</loot>
</monster>
