<?xml version="1.0" encoding="UTF-8"?>
<monster name="Rotworm" nameDescription="a rotworm" race="blood" experience="40" speed="176" manacost="305">
	<health now="65" max="65"/>
	<look type="26" corpse="5967"/>
	<targetchange interval="2000" chance="0"/>
	<strategy attack="100" defense="0"/>
	<script>
        <event name="KillingInTheNameOf"/>
</script>
	<flags>
		<flag summonable="0"/>
		<flag attackable="1"/>
		<flag hostile="1"/>
		<flag illusionable="0"/>
		<flag convinceable="1"/>
		<flag pushable="0"/>
		<flag canpushitems="0"/>
		<flag canpushcreatures="0"/>
		<flag targetdistance="1"/>
		<flag staticattack="90"/>
		<flag runonhealth="0"/>
	</flags>
	<attacks>
		<attack name="melee" interval="2000" skill="30" attack="20"/>
	</attacks>
	<defenses armor="8" defense="11"/>
	<loot>
		<item id="2148" countmax="17" chance="23750"/><!-- gold coin -->
		<item id="3976" countmax="3" chance="2000"/><!-- worm -->
		<item id="2666" chance="19500"/><!-- meat -->
		<item id="2671" chance="21500"/><!-- ham -->
		<item id="1987" chance="100000"><!-- bag -->
			<inside>
				<item id="2376" chance="2650"/><!-- sword -->
				<item id="2398" chance="3400"/><!-- mace -->
			</inside>
		</item>
	</loot>
</monster>
