<?xml version="1.0" encoding="UTF-8"?>
<monster name="Dragon Lord Hatchling" nameDescription="a dragon lord hatchling" race="blood" experience="645" speed="200" manacost="0">
	<health now="750" max="750"/>
	<look type="272" corpse="7622"/>
	<targetchange interval="2000" chance="5"/>
	<strategy attack="70" defense="10"/>
	<flags>
		<flag summonable="0"/>
		<flag attackable="1"/>
		<flag hostile="1"/>
		<flag illusionable="1"/>
		<flag convinceable="0"/>
		<flag pushable="0"/>
		<flag canpushitems="1"/>
		<flag canpushcreatures="1"/>
		<flag targetdistance="1"/>
		<flag staticattack="90"/>
		<flag runonhealth="80"/>
	</flags>
	<attacks>
		<attack name="melee" interval="2000" skill="30" attack="45"/>
		<attack name="fire" interval="3000" chance="12" length="8" spread="3" min="-40" max="-110">
			<attribute key="areaEffect" value="firearea"/>
		</attack>
		<attack name="firefield" interval="4000" chance="20" range="7" radius="3" target="1">
			<attribute key="shootEffect" value="fire"/>
		</attack>
		<attack name="fire" interval="2000" chance="15" range="7" radius="4" target="1" min="-55" max="-105">
			<attribute key="shootEffect" value="fire"/>
			<attribute key="areaEffect" value="firearea"/>
		</attack>
		<attack name="fire" interval="4000" chance="5" range="7" min="-40" max="-80">
			<attribute key="shootEffect" value="fire"/>
		</attack>
	</attacks>
	<defenses armor="25" defense="38">
		<defense name="healing" interval="5000" chance="20" min="25" max="50">
			<attribute key="areaEffect" value="blueshimmer"/>
		</defense>
	</defenses>
	<elements>
		<element earthPercent="10"/>
		<element icePercent="-10"/>
		<element energyPercent="-10"/>
	</elements>
	<immunities>
		<immunity fire="1"/>
		<immunity paralyze="1"/>
		<immunity invisible="1"/>
	</immunities>
	<voices interval="5000" chance="10">
		<voice sentence="Fchu?" yell="0"/>
		<voice sentence="Rooawwrr"/>
	</voices>
	<loot>
		<item id="2148" countmax="90" chance="33750"/><!-- gold coin -->
		<item id="2148" countmax="75" chance="33750"/><!-- gold coin -->
		<item id="2672" chance="25000"/><!-- dragon ham -->
		<item id="7620" chance="5000"/><!-- mana potion -->
		<item id="2796" chance="1500"/><!-- green mushroom -->
		<item id="1987" chance="100000"><!-- bag -->
			<inside>
				<item id="7891" chance="50"/><!-- magma boots -->
			</inside>
		</item>
	</loot>
</monster>
