<?xml version="1.0" encoding="UTF-8"?>
<monster name="Poison Spider" nameDescription="a poison spider" race="venom" experience="22" speed="160" manacost="270">
	<health now="26" max="26"/>
	<look type="36" corpse="5974"/>
	<targetchange interval="5000" chance="8"/>
	<strategy attack="100" defense="0"/>
	<flags>
		<flag summonable="1"/>
		<flag attackable="1"/>
		<flag hostile="1"/>
		<flag illusionable="1"/>
		<flag convinceable="1"/>
		<flag pushable="1"/>
		<flag canpushitems="0"/>
		<flag canpushcreatures="0"/>
		<flag targetdistance="1"/>
		<flag staticattack="90"/>
		<flag runonhealth="6"/>
	</flags>
	<attacks>
		<attack name="melee" interval="2000" skill="10" attack="20" poison="40"/>
	</attacks>
	<defenses armor="2" defense="6"/>
	<elements>
		<element earthPercent="100"/>
		<element firePercent="-10"/>
	</elements>
	<immunities>
		<immunity lifedrain="0"/>
		<immunity paralyze="0"/>
		<immunity outfit="0"/>
		<immunity drunk="0"/>
		<immunity invisible="0"/>
	</immunities>
	<loot>
		<item id="2148" countmax="4" chance="14877"/><!-- gold coin -->
	</loot>
</monster>
