<?xml version="1.0" encoding="UTF-8"?>
<monster name="Tarantula" nameDescription="a tarantula" race="venom" experience="120" speed="280" manacost="485">
	<health now="225" max="225"/>
	<look type="219" corpse="6060"/>
	<targetchange interval="5000" chance="8"/>
	<strategy attack="100" defense="0"/>
	<script>
	<event name="KillingInTheNameOf"/>
    </script>
	<flags>
		<flag summonable="1"/>
		<flag attackable="1"/>
		<flag hostile="1"/>
		<flag illusionable="1"/>
		<flag convinceable="1"/>
		<flag pushable="0"/>
		<flag canpushitems="1"/>
		<flag canpushcreatures="0"/>
		<flag targetdistance="1"/>
		<flag staticattack="90"/>
		<flag runonhealth="0"/>
	</flags>
	<attacks>
		<attack name="melee" interval="2000" skill="30" attack="45" poison="40"/>
		<attack name="poisonfield" interval="2000" chance="10" range="1">
			<attribute key="shootEffect" value="poison"/>
			<attribute key="areaEffect" value="poff"/>
		</attack>
		<attack name="earth" interval="2000" chance="10" range="7">
			<attribute key="shootEffect" value="earth"/>
			<attribute key="areaEffect" value="Carniphila"/>
	</attack>
	</attacks>
	<defenses armor="15" defense="17">
		<defense name="speed" interval="2000" chance="10" speedchange="340" duration="5000">
			<attribute key="areaEffect" value="redshimmer"/>
		</defense>
	</defenses>
	<elements>
		<element earthPercent="100"/>
		<element energyPercent="10"/>
		<element firePercent="-15"/>
		<element icePercent="-10"/>
	</elements>
	<immunities>
		<immunity outfit="1"/>
		<immunity drunk="1"/>
	</immunities>
	<loot>
		<item id="2478" chance="3500"/><!-- brass legs -->
		<item id="2148" countmax="40" chance="21700"/><!-- gold coin -->
		<item id="2510" chance="1850"/><!-- plate shield -->
		<item id="1987" chance="100000"><!-- bag -->
			<inside>
				<item id="2457" chance="1300"/><!-- steel helmet -->
				<item id="2169" chance="200"/><!-- time ring -->
				<item id="11192" chance="9575"/><!-- tarantula egg -->
			</inside>
		</item>
	</loot>
</monster>
