<?xml version="1.0" encoding="UTF-8"?>
<monster name="Wailing Widow" nameDescription="a wailing widow" race="venom" experience="450" speed="280" manacost="0">
	<health now="850" max="850"/>
	<look type="347" corpse="11310"/>
	<targetchange interval="5000" chance="8"/>
	<strategy attack="100" defense="0"/>
	<flags>
		<flag summonable="0"/>
		<flag attackable="1"/>
		<flag hostile="1"/>
		<flag illusionable="1"/>
		<flag convinceable="0"/>
		<flag pushable="0"/>
		<flag canpushitems="1"/>
		<flag canpushcreatures="1"/>
		<flag targetdistance="1"/>
		<flag staticattack="90"/>
		<flag runonhealth="366"/>
	</flags>
	<attacks>
			<attack name="melee" interval="2000" skill="50" attack="40" poison="20"/>
		<attack name="drunk" interval="2000" chance="10" radius="2" target="1">
			<attribute key="areaEffect" value="rednote"/>
		</attack>
		<attack name="lifedrain" interval="2000" chance="15" radius="3" target="0" min="-40" max="-50">
			<attribute key="areaEffect" value="redshimmer"/>
		</attack>
		<attack name="poison" interval="2000" chance="10" range="7" min="-40" max="-60">
			<attribute key="shootEffect" value="poison"/>
			<attribute key="areaEffect" value="poison"/>
	</attack>
	</attacks>
	<defenses armor="5" defense="35">
		<defense name="healing" interval="2000" chance="15" min="30" max="50">
			<attribute key="areaEffect" value="blueshimmer"/>
		</defense>
		<defense name="speed" interval="2000" chance="20" speedchange="450" duration="5000">
			<attribute key="areaEffect" value="redshimmer"/>
		</defense>
	</defenses>
	<elements>
		<element firePercent="-10"/>
		<element holyPercent="10"/>
	</elements>
	<immunities>
		<immunity paralyze="1"/>
		<immunity invisible="1"/>
		<immunity death="1"/>
		<immunity earth="1"/>
	</immunities>
	<voices interval="5000" chance="10">
		<voice sentence="EMBRACE MY GIFTS!" yell="1"/>
		<voice sentence="I WILL FEAST ON YOUR SOUL!" yell="1"/>
	</voices>
	<loot>
		<item id="2148" countmax="55" chance="25000"/><!-- gold coin -->
		<item id="2148" countmax="45" chance="25000"/><!-- gold coin -->
		<item id="2148" countmax="38" chance="25000"/><!-- gold coin -->
		<item id="7620" chance="4900"/><!-- mana potion -->
		<item id="7618" chance="1400"/><!-- health potion -->
		<item id="2796" chance="700"/><!-- green mushroom -->
		<item id="2510" chance="2100"/><!-- plate shield -->
		<item id="11329" chance="530"/><!-- wailing widow necklace -->
		<item id="11328" chance="530"/><!-- widow's mandibles -->
		<item id="11323" chance="880"/><!-- zaoaon halberd -->
	</loot>
</monster>